<?xml version="1.0" encoding="UTF-8"?>
<!-- Created with TexturePacker http://www.codeandweb.com/texturepacker-->
<!-- $TexturePacker:SmartUpdate:229452da5877c9dfd8085b9cb82b0ec4:db3b7cb06ac872e50aa3c11552e4c7dd:bfc9cc994cba82fb4dd53a32487552b9$ -->
<TextureAtlas imagePath="CivFemale.png">
    <SubTexture name="CharCivFemale01N0001" x="2" y="2" width="20" height="31" frameX="-2" frameY="-2" frameWidth="24" frameHeight="35"/>
    <SubTexture name="CharCivFemale01N0002" x="24" y="2" width="20" height="29" frameX="-2" frameY="-4" frameWidth="24" frameHeight="35"/>
    <SubTexture name="CharCivFemale01N0003" x="2" y="2" width="20" height="31" frameX="-2" frameY="-2" frameWidth="24" frameHeight="35"/>
    <SubTexture name="CharCivFemale01N0004" x="24" y="2" width="20" height="29" frameX="-2" frameY="-4" frameWidth="24" frameHeight="35"/>
    <SubTexture name="CharCivFemale01N0005" x="2" y="2" width="20" height="31" frameX="-2" frameY="-2" frameWidth="24" frameHeight="35"/>
    <SubTexture name="CharCivFemale01N0006" x="46" y="2" width="20" height="33" frameX="-2" frameY="0" frameWidth="24" frameHeight="35"/>
    <SubTexture name="CharCivFemale01N0007" x="2" y="2" width="20" height="31" frameX="-2" frameY="-2" frameWidth="24" frameHeight="35"/>
    <SubTexture name="CharCivFemale01N0008" x="68" y="2" width="20" height="33" frameX="-2" frameY="0" frameWidth="24" frameHeight="35"/>
    <SubTexture name="CharCivFemale01N0009" x="90" y="2" width="20" height="31" frameX="-2" frameY="-2" frameWidth="24" frameHeight="35"/>
    <SubTexture name="CharCivFemale01N0010" x="112" y="2" width="20" height="31" frameX="-2" frameY="-2" frameWidth="24" frameHeight="35"/>
    <SubTexture name="CharCivFemale01N0011" x="90" y="2" width="20" height="31" frameX="-2" frameY="-2" frameWidth="24" frameHeight="35"/>
    <SubTexture name="CharCivFemale01N0012" x="134" y="2" width="20" height="31" frameX="-2" frameY="-2" frameWidth="24" frameHeight="35"/>
    <SubTexture name="CharCivFemale01N0013" x="156" y="2" width="20" height="31" frameX="-2" frameY="-2" frameWidth="24" frameHeight="35"/>
    <SubTexture name="CharCivFemale01N0014" x="178" y="2" width="20" height="33" frameX="-2" frameY="0" frameWidth="24" frameHeight="35"/>
    <SubTexture name="CharCivFemale01N0015" x="156" y="2" width="20" height="31" frameX="-2" frameY="-2" frameWidth="24" frameHeight="35"/>
    <SubTexture name="CharCivFemale01N0016" x="200" y="2" width="20" height="33" frameX="-2" frameY="0" frameWidth="24" frameHeight="35"/>
    <SubTexture name="CharCivFemale01N0017" x="222" y="2" width="20" height="29" frameX="-2" frameY="-4" frameWidth="24" frameHeight="35"/>
    <SubTexture name="CharCivFemale01N0018" x="2" y="37" width="20" height="31" frameX="-2" frameY="-2" frameWidth="24" frameHeight="35"/>
    <SubTexture name="CharCivFemale01N0019" x="24" y="37" width="20" height="29" frameX="-2" frameY="-4" frameWidth="24" frameHeight="35"/>
    <SubTexture name="CharCivFemale01N0020" x="46" y="37" width="20" height="29" frameX="-2" frameY="-4" frameWidth="24" frameHeight="35"/>
    <SubTexture name="CharCivFemale01N0021" x="90" y="2" width="20" height="31" frameX="-2" frameY="-2" frameWidth="24" frameHeight="35"/>
    <SubTexture name="CharCivFemale01N0022" x="68" y="37" width="20" height="29" frameX="-2" frameY="-4" frameWidth="24" frameHeight="35"/>
    <SubTexture name="CharCivFemale01N0023" x="90" y="37" width="20" height="31" frameX="-2" frameY="-2" frameWidth="24" frameHeight="35"/>
    <SubTexture name="CharCivFemale01N0024" x="90" y="2" width="20" height="31" frameX="-2" frameY="-2" frameWidth="24" frameHeight="35"/>
    <SubTexture name="CharCivFemale01N0025" x="112" y="37" width="20" height="29" frameX="-2" frameY="-4" frameWidth="24" frameHeight="35"/>
    <SubTexture name="CharCivFemale01N0026" x="134" y="37" width="20" height="27" frameX="-2" frameY="-6" frameWidth="24" frameHeight="35"/>
    <SubTexture name="CharCivFemale01N0027" x="156" y="37" width="20" height="21" frameX="-2" frameY="-12" frameWidth="24" frameHeight="35"/>
    <SubTexture name="CharCivFemale01N0028" x="178" y="37" width="18" height="23" frameX="-3" frameY="-12" frameWidth="24" frameHeight="35"/>
    <SubTexture name="CharCivFemale01S0001" x="198" y="37" width="20" height="31" frameX="-2" frameY="-2" frameWidth="24" frameHeight="49"/>
    <SubTexture name="CharCivFemale01S0002" x="220" y="37" width="20" height="29" frameX="-2" frameY="-4" frameWidth="24" frameHeight="49"/>
    <SubTexture name="CharCivFemale01S0003" x="198" y="37" width="20" height="31" frameX="-2" frameY="-2" frameWidth="24" frameHeight="49"/>
    <SubTexture name="CharCivFemale01S0004" x="220" y="37" width="20" height="29" frameX="-2" frameY="-4" frameWidth="24" frameHeight="49"/>
    <SubTexture name="CharCivFemale01S0005" x="198" y="37" width="20" height="31" frameX="-2" frameY="-2" frameWidth="24" frameHeight="49"/>
    <SubTexture name="CharCivFemale01S0006" x="2" y="70" width="20" height="33" frameX="-2" frameY="0" frameWidth="24" frameHeight="49"/>
    <SubTexture name="CharCivFemale01S0007" x="198" y="37" width="20" height="31" frameX="-2" frameY="-2" frameWidth="24" frameHeight="49"/>
    <SubTexture name="CharCivFemale01S0008" x="24" y="70" width="20" height="33" frameX="-2" frameY="0" frameWidth="24" frameHeight="49"/>
    <SubTexture name="CharCivFemale01S0009" x="46" y="70" width="20" height="31" frameX="-2" frameY="-2" frameWidth="24" frameHeight="49"/>
    <SubTexture name="CharCivFemale01S0010" x="68" y="70" width="20" height="31" frameX="-2" frameY="-2" frameWidth="24" frameHeight="49"/>
    <SubTexture name="CharCivFemale01S0011" x="46" y="70" width="20" height="31" frameX="-2" frameY="-2" frameWidth="24" frameHeight="49"/>
    <SubTexture name="CharCivFemale01S0012" x="90" y="70" width="20" height="31" frameX="-2" frameY="-2" frameWidth="24" frameHeight="49"/>
    <SubTexture name="CharCivFemale01S0013" x="112" y="70" width="20" height="31" frameX="-2" frameY="-2" frameWidth="24" frameHeight="49"/>
    <SubTexture name="CharCivFemale01S0014" x="134" y="70" width="20" height="33" frameX="-2" frameY="0" frameWidth="24" frameHeight="49"/>
    <SubTexture name="CharCivFemale01S0015" x="112" y="70" width="20" height="31" frameX="-2" frameY="-2" frameWidth="24" frameHeight="49"/>
    <SubTexture name="CharCivFemale01S0016" x="156" y="70" width="20" height="33" frameX="-2" frameY="0" frameWidth="24" frameHeight="49"/>
    <SubTexture name="CharCivFemale01S0017" x="178" y="70" width="20" height="29" frameX="-2" frameY="-4" frameWidth="24" frameHeight="49"/>
    <SubTexture name="CharCivFemale01S0018" x="200" y="70" width="20" height="31" frameX="-2" frameY="-2" frameWidth="24" frameHeight="49"/>
    <SubTexture name="CharCivFemale01S0019" x="222" y="70" width="20" height="29" frameX="-2" frameY="-4" frameWidth="24" frameHeight="49"/>
    <SubTexture name="CharCivFemale01S0020" x="2" y="105" width="20" height="29" frameX="-2" frameY="-4" frameWidth="24" frameHeight="49"/>
    <SubTexture name="CharCivFemale01S0021" x="46" y="70" width="20" height="31" frameX="-2" frameY="-2" frameWidth="24" frameHeight="49"/>
    <SubTexture name="CharCivFemale01S0022" x="24" y="105" width="20" height="39" frameX="-2" frameY="-1" frameWidth="24" frameHeight="49"/>
    <SubTexture name="CharCivFemale01S0023" x="46" y="105" width="20" height="47" frameX="-2" frameY="-2" frameWidth="24" frameHeight="49"/>
    <SubTexture name="CharCivFemale01S0024" x="46" y="70" width="20" height="31" frameX="-2" frameY="-2" frameWidth="24" frameHeight="49"/>
    <SubTexture name="CharCivFemale01S0025" x="68" y="105" width="20" height="29" frameX="-2" frameY="-4" frameWidth="24" frameHeight="49"/>
    <SubTexture name="CharCivFemale01S0026" x="90" y="105" width="20" height="27" frameX="-2" frameY="-6" frameWidth="24" frameHeight="49"/>
    <SubTexture name="CharCivFemale01S0027" x="112" y="105" width="20" height="19" frameX="-2" frameY="-14" frameWidth="24" frameHeight="49"/>
    <SubTexture name="CharCivFemale01S0028" x="134" y="105" width="18" height="23" frameX="-4" frameY="-12" frameWidth="24" frameHeight="49"/>
    <SubTexture name="CharCivFemale01W0001" x="154" y="105" width="20" height="31" frameX="-23" frameY="-2" frameWidth="48" frameHeight="35"/>
    <SubTexture name="CharCivFemale01W0002" x="176" y="105" width="20" height="29" frameX="-23" frameY="-4" frameWidth="48" frameHeight="35"/>
    <SubTexture name="CharCivFemale01W0003" x="154" y="105" width="20" height="31" frameX="-23" frameY="-2" frameWidth="48" frameHeight="35"/>
    <SubTexture name="CharCivFemale01W0004" x="176" y="105" width="20" height="29" frameX="-23" frameY="-4" frameWidth="48" frameHeight="35"/>
    <SubTexture name="CharCivFemale01W0005" x="154" y="105" width="20" height="31" frameX="-23" frameY="-2" frameWidth="48" frameHeight="35"/>
    <SubTexture name="CharCivFemale01W0006" x="198" y="105" width="20" height="33" frameX="-23" frameY="0" frameWidth="48" frameHeight="35"/>
    <SubTexture name="CharCivFemale01W0007" x="154" y="105" width="20" height="31" frameX="-23" frameY="-2" frameWidth="48" frameHeight="35"/>
    <SubTexture name="CharCivFemale01W0008" x="220" y="105" width="20" height="33" frameX="-23" frameY="0" frameWidth="48" frameHeight="35"/>
    <SubTexture name="CharCivFemale01W0009" x="2" y="154" width="22" height="31" frameX="-21" frameY="-2" frameWidth="48" frameHeight="35"/>
    <SubTexture name="CharCivFemale01W0010" x="26" y="154" width="22" height="31" frameX="-21" frameY="-2" frameWidth="48" frameHeight="35"/>
    <SubTexture name="CharCivFemale01W0011" x="2" y="154" width="22" height="31" frameX="-21" frameY="-2" frameWidth="48" frameHeight="35"/>
    <SubTexture name="CharCivFemale01W0012" x="50" y="154" width="22" height="31" frameX="-21" frameY="-2" frameWidth="48" frameHeight="35"/>
    <SubTexture name="CharCivFemale01W0013" x="74" y="154" width="20" height="31" frameX="-23" frameY="-2" frameWidth="48" frameHeight="35"/>
    <SubTexture name="CharCivFemale01W0014" x="96" y="154" width="20" height="33" frameX="-23" frameY="0" frameWidth="48" frameHeight="35"/>
    <SubTexture name="CharCivFemale01W0015" x="74" y="154" width="20" height="31" frameX="-23" frameY="-2" frameWidth="48" frameHeight="35"/>
    <SubTexture name="CharCivFemale01W0016" x="118" y="154" width="20" height="33" frameX="-23" frameY="0" frameWidth="48" frameHeight="35"/>
    <SubTexture name="CharCivFemale01W0017" x="140" y="154" width="20" height="31" frameX="-24" frameY="-2" frameWidth="48" frameHeight="35"/>
    <SubTexture name="CharCivFemale01W0018" x="162" y="154" width="20" height="33" frameX="-22" frameY="0" frameWidth="48" frameHeight="35"/>
    <SubTexture name="CharCivFemale01W0019" x="184" y="154" width="20" height="29" frameX="-22" frameY="-4" frameWidth="48" frameHeight="35"/>
    <SubTexture name="CharCivFemale01W0020" x="206" y="154" width="20" height="29" frameX="-23" frameY="-4" frameWidth="48" frameHeight="35"/>
    <SubTexture name="CharCivFemale01W0021" x="2" y="154" width="22" height="31" frameX="-21" frameY="-2" frameWidth="48" frameHeight="35"/>
    <SubTexture name="CharCivFemale01W0022" x="2" y="189" width="38" height="31" frameX="-7" frameY="-2" frameWidth="48" frameHeight="35"/>
    <SubTexture name="CharCivFemale01W0023" x="42" y="189" width="44" height="31" frameX="0" frameY="-2" frameWidth="48" frameHeight="35"/>
    <SubTexture name="CharCivFemale01W0024" x="2" y="154" width="22" height="31" frameX="-21" frameY="-2" frameWidth="48" frameHeight="35"/>
    <SubTexture name="CharCivFemale01W0025" x="88" y="189" width="20" height="31" frameX="-26" frameY="-2" frameWidth="48" frameHeight="35"/>
    <SubTexture name="CharCivFemale01W0026" x="110" y="189" width="20" height="29" frameX="-23" frameY="-4" frameWidth="48" frameHeight="35"/>
    <SubTexture name="CharCivFemale01W0027" x="132" y="189" width="20" height="23" frameX="-24" frameY="-10" frameWidth="48" frameHeight="35"/>
    <SubTexture name="CharCivFemale01W0028" x="154" y="189" width="26" height="19" frameX="-22" frameY="-15" frameWidth="48" frameHeight="35"/>
</TextureAtlas>
